<?xml version="1.0" encoding="UTF-8" standalone="yes"?>
<manifest>
  <control namespace="ICK" constructor="SIRENEAutoComplete" version="0.0.15" display-name-key="SIRENEAutoComplete" description-key="Retrieve french companies informations from Pappers" control-type="standard" api-version="1.2.3">
    <property name="value" display-name-key="Auto Complete Field?" description-key="Select the field that you want this auto complete fuction to be bound too." of-type="SingleLine.Text" usage="bound" required="true"/>
    <property name="siret" display-name-key="SIRET" description-key="Company SIRET" of-type="SingleLine.Text" usage="bound" required="false"/>
    <property name="companyName" display-name-key="Company Name" description-key="Company Name" of-type="SingleLine.Text" usage="bound" required="false"/>
    <property name="codeNAF" display-name-key="code NAF" description-key="Code NAF" of-type="SingleLine.Text" usage="bound" required="false"/>
    <property name="libelleCodeNAF" display-name-key="Libelle Code NAF" description-key="Libelle Code NAF" of-type="SingleLine.Text" usage="bound" required="false"/>
    <property name="formeJuridique" display-name-key="Forme Juridique" description-key="FormeJuridique" of-type="SingleLine.Text" usage="bound" required="false"/>
    <property name="adresse" display-name-key="Adresse" description-key="Adresse" of-type="SingleLine.Text" usage="bound" required="false"/>
    <property name="code_postal" display-name-key="Code Postal" description-key="Code Postal" of-type="SingleLine.Text" usage="bound" required="false"/>
    <property name="ville" display-name-key="Ville" description-key="Ville" of-type="SingleLine.Text" usage="bound" required="false"/>
    <resources>
      <code path="bundle.js" order="1"/>
      <css path="css/fabric.min.css" order="1"/>
      <css path="css/fabric.components.min.css" order="1"/>
    </resources>
    <built-by name="pac" version="1.3.6"/>
  </control>
</manifest>